0.0	0.0
0.01	0.0
0.02	0.0
0.03	0.0
0.04	0.0
0.05	0.0
0.06	0.0
0.07	0.0
0.08	0.0
0.09	0.0
0.1	0.0
0.11	0.0
0.12	0.0
0.13	0.0
0.14	0.0
0.15	0.0
0.16	0.0
0.17	0.0
0.18	0.0
0.19	0.0
0.2	0.0
0.21	0.0
0.22	0.0
0.23	0.0
0.24	0.0
0.25	0.0
0.26	0.0
0.27	0.0
0.28	0.0
0.29	0.0
0.3	0.0
0.31	0.0
0.32	0.0
0.33	0.0
0.34	0.0
0.35	0.0
0.36	0.0
0.37	0.0
0.38	0.0
0.39	0.0
0.4	0.0
0.41	0.0
0.42	0.0
0.43	0.0
0.44	0.0
0.45	0.0
0.46	0.0
0.47	0.0
0.48	0.0
0.49	0.0
0.5	0.0
0.51	0.0
0.52	0.0
0.53	0.0
0.54	0.0
0.55	0.0
0.56	0.0
0.57	0.0
0.58	0.0
0.59	0.0
0.6	0.0
0.61	0.0
0.62	0.0
0.63	0.0
0.64	0.0
0.65	0.0
0.66	0.0
0.67	0.0
0.68	0.0
0.69	0.0
0.7	0.0
0.71	0.0
0.72	0.0
0.73	0.0
0.74	0.0
0.75	0.0
0.76	0.0
0.77	0.0
0.78	0.0
0.79	0.0
0.8	0.0
0.81	0.0
0.82	0.0
0.83	0.0
0.84	0.0
0.85	0.0
0.86	0.0
0.87	230.40663
0.88	229.07962
0.89	227.76021
0.9	226.44838
0.91	225.14413
0.92	223.84738
0.93	222.5581
0.94	221.27626
0.95	221.27626
0.96	221.27626
0.97	221.27626
0.98	221.27626
0.99	221.27626
1.0	222.5581
1.01	222.5581
1.02	223.84738
1.03	223.84738
1.04	223.84738
1.05	223.84738
1.06	223.84738
1.07	223.84738
1.08	223.84738
1.09	223.84738
1.1	223.84738
1.11	223.84738
1.12	222.5581
1.13	223.84738
1.14	222.5581
1.15	222.5581
1.16	221.27626
1.17	220.00182
1.18	220.00182
1.19	218.73468
1.2	218.73468
1.21	218.73468
1.22	218.73468
1.23	218.73468
1.24	218.73468
1.25	218.73468
1.26	220.00182
1.27	220.00182
1.28	220.00182
1.29	220.00182
1.3	220.00182
1.31	220.00182
1.32	220.00182
1.33	220.00182
1.34	221.27626
1.35	220.00182
1.36	221.27626
1.37	221.27626
1.38	221.27626
1.39	221.27626
1.4	221.27626
1.41	221.27626
1.42	221.27626
1.43	221.27626
1.44	221.27626
1.45	221.27626
1.46	220.00182
1.47	220.00182
1.48	220.00182
1.49	220.00182
1.5	218.73468
1.51	218.73468
1.52	218.73468
1.53	218.73468
1.54	217.47487
1.55	217.47487
1.56	218.73468
1.57	218.73468
1.58	218.73468
1.59	218.73468
1.6	218.73468
1.61	218.73468
1.62	218.73468
1.63	218.73468
1.64	218.73468
1.65	218.73468
1.66	217.47487
1.67	217.47487
1.68	217.47487
1.69	217.47487
1.7	217.47487
1.71	217.47487
1.72	217.47487
1.73	217.47487
1.74	217.47487
1.75	217.47487
1.76	217.47487
1.77	217.47487
1.78	217.47487
1.79	217.47487
1.8	217.47487
1.81	217.47487
1.82	217.47487
1.83	217.47487
1.84	217.47487
1.85	217.47487
1.86	218.73468
1.87	218.73468
1.88	218.73468
1.89	220.00182
1.9	220.00182
1.91	220.00182
1.92	220.00182
1.93	220.00182
1.94	220.00182
1.95	220.00182
1.96	220.00182
1.97	220.00182
1.98	220.00182
1.99	220.00182
2.0	220.00182
2.01	220.00182
2.02	218.73468
2.03	217.47487
2.04	217.47487
2.05	218.73468
2.06	221.27626
2.07	221.27626
2.08	222.5581
2.09	223.84738
2.1	225.14413
2.11	226.44838
2.12	226.44838
2.13	229.07962
2.14	229.07962
2.15	230.40663
2.16	230.40663
2.17	231.7414
2.18	231.7414
2.19	231.7414
2.2	231.7414
2.21	230.40663
2.22	230.40663
2.23	230.40663
2.24	230.40663
2.25	230.40663
2.26	230.40663
2.27	230.40663
2.28	230.40663
2.29	230.40663
2.3	230.40663
2.31	230.40663
2.32	230.40663
2.33	231.7414
2.34	231.7414
2.35	231.7414
2.36	231.7414
2.37	231.7414
2.38	230.40663
2.39	230.40663
2.4	229.07962
2.41	229.07962
2.42	227.76021
2.43	227.76021
2.44	227.76021
2.45	227.76021
2.46	227.76021
2.47	226.44838
2.48	227.76021
2.49	227.76021
2.5	227.76021
2.51	227.76021
2.52	226.44838
2.53	226.44838
2.54	226.44838
2.55	226.44838
2.56	227.76021
2.57	227.76021
2.58	227.76021
2.59	227.76021
2.6	227.76021
2.61	229.07962
2.62	229.07962
2.63	227.76021
2.64	227.76021
2.65	227.76021
2.66	227.76021
2.67	226.44838
2.68	227.76021
2.69	225.14413
2.7	223.84738
2.71	225.14413
2.72	223.84738
2.73	222.5581
2.74	221.27626
2.75	212.50769
2.76	216.22229
2.77	252.71591
2.78	254.1799
2.79	254.1799
2.8	255.65236
2.81	255.65236
2.82	255.65236
2.83	257.13336
2.84	257.13336
2.85	258.62292
2.86	260.1211
2.87	260.1211
2.88	261.62796
2.89	261.62796
2.9	261.62796
2.91	263.1436
2.92	263.1436
2.93	263.1436
2.94	264.66797
2.95	264.66797
2.96	266.2012
2.97	266.2012
2.98	264.66797
2.99	264.66797
3.0	264.66797
3.01	263.1436
3.02	261.62796
3.03	261.62796
3.04	260.1211
3.05	258.62292
3.06	258.62292
3.07	257.13336
3.08	258.62292
3.09	257.13336
3.1	257.13336
3.11	258.62292
3.12	258.62292
3.13	258.62292
3.14	258.62292
3.15	260.1211
3.16	260.1211
3.17	260.1211
3.18	260.1211
3.19	260.1211
3.2	260.1211
3.21	260.1211
3.22	260.1211
3.23	260.1211
3.24	261.62796
3.25	261.62796
3.26	261.62796
3.27	261.62796
3.28	261.62796
3.29	261.62796
3.3	261.62796
3.31	261.62796
3.32	261.62796
3.33	261.62796
3.34	261.62796
3.35	261.62796
3.36	261.62796
3.37	260.1211
3.38	260.1211
3.39	258.62292
3.4	258.62292
3.41	258.62292
3.42	258.62292
3.43	258.62292
3.44	260.1211
3.45	260.1211
3.46	260.1211
3.47	260.1211
3.48	261.62796
3.49	261.62796
3.5	261.62796
3.51	261.62796
3.52	260.1211
3.53	260.1211
3.54	258.62292
3.55	257.13336
3.56	257.13336
3.57	257.13336
3.58	258.62292
3.59	260.1211
3.6	261.62796
3.61	261.62796
3.62	261.62796
3.63	263.1436
3.64	283.6642
3.65	286.96027
3.66	288.62262
3.67	288.62262
3.68	290.29462
3.69	291.9763
3.7	291.9763
3.71	291.9763
3.72	291.9763
3.73	291.9763
3.74	291.9763
3.75	290.29462
3.76	290.29462
3.77	290.29462
3.78	290.29462
3.79	290.29462
3.8	290.29462
3.81	291.9763
3.82	291.9763
3.83	291.9763
3.84	291.9763
3.85	291.9763
3.86	291.9763
3.87	291.9763
3.88	291.9763
3.89	291.9763
3.9	293.66766
3.91	293.66766
3.92	293.66766
3.93	293.66766
3.94	293.66766
3.95	293.66766
3.96	293.66766
3.97	293.66766
3.98	293.66766
3.99	293.66766
4.0	293.66766
4.01	293.66766
4.02	293.66766
4.03	293.66766
4.04	293.66766
4.05	293.66766
4.06	295.36887
4.07	295.36887
4.08	295.36887
4.09	295.36887
4.1	295.36887
4.11	295.36887
4.12	295.36887
4.13	293.66766
4.14	293.66766
4.15	291.9763
4.16	291.9763
4.17	291.9763
4.18	291.9763
4.19	291.9763
4.2	291.9763
4.21	291.9763
4.22	291.9763
4.23	293.66766
4.24	293.66766
4.25	293.66766
4.26	293.66766
4.27	293.66766
4.28	293.66766
4.29	293.66766
4.3	293.66766
4.31	293.66766
4.32	293.66766
4.33	293.66766
4.34	293.66766
4.35	293.66766
4.36	293.66766
4.37	293.66766
4.38	0.0
4.39	0.0
4.4	0.0
4.41	0.0
4.42	0.0
4.43	0.0
4.44	0.0
4.45	0.0
4.46	0.0
4.47	0.0
4.48	0.0
4.49	0.0
4.5	0.0
4.51	0.0
4.52	0.0
4.53	0.0
4.54	0.0
4.55	0.0
4.56	0.0
4.57	0.0
4.58	0.0
4.59	0.0
4.6	0.0
4.61	0.0
4.62	0.0
4.63	0.0
4.64	0.0
4.65	0.0
4.66	0.0
4.67	0.0
4.68	0.0
4.69	0.0
4.7	0.0
4.71	0.0
4.72	0.0
4.73	333.4612
4.74	331.5406
4.75	333.4612
4.76	333.4612
4.77	335.39294
4.78	333.4612
4.79	333.4612
4.8	333.4612
4.81	333.4612
4.82	333.4612
4.83	333.4612
4.84	335.39294
4.85	335.39294
4.86	335.39294
4.87	335.39294
4.88	335.39294
4.89	335.39294
4.9	335.39294
4.91	333.4612
4.92	333.4612
4.93	333.4612
4.94	331.5406
4.95	331.5406
4.96	331.5406
4.97	331.5406
4.98	331.5406
4.99	331.5406
5.0	331.5406
5.01	331.5406
5.02	331.5406
5.03	331.5406
5.04	331.5406
5.05	331.5406
5.06	331.5406
5.07	331.5406
5.08	331.5406
5.09	331.5406
5.1	331.5406
5.11	331.5406
5.12	331.5406
5.13	331.5406
5.14	331.5406
5.15	331.5406
5.16	331.5406
5.17	331.5406
5.18	331.5406
5.19	331.5406
5.2	331.5406
5.21	331.5406
5.22	331.5406
5.23	331.5406
5.24	331.5406
5.25	331.5406
5.26	331.5406
5.27	331.5406
5.28	331.5406
5.29	333.4612
5.3	333.4612
5.31	333.4612
5.32	331.5406
5.33	331.5406
5.34	331.5406
5.35	331.5406
5.36	331.5406
5.37	331.5406
5.38	331.5406
5.39	331.5406
5.4	331.5406
5.41	331.5406
5.42	333.4612
5.43	333.4612
5.44	333.4612
5.45	333.4612
5.46	333.4612
5.47	333.4612
5.48	333.4612
5.49	333.4612
5.5	333.4612
5.51	333.4612
5.52	333.4612
5.53	333.4612
5.54	331.5406
5.55	331.5406
5.56	329.63104
5.57	327.73248
5.58	311.1302
5.59	283.6642
5.6	280.40604
5.61	277.18527
5.62	304.02393
5.63	298.80093
5.64	300.53186
5.65	309.33817
5.66	327.73248
5.67	329.63104
5.68	331.5406
5.69	331.5406
5.7	333.4612
5.71	333.4612
5.72	335.39294
5.73	335.39294
5.74	337.33588
5.75	337.33588
5.76	337.33588
5.77	339.29004
5.78	339.29004
5.79	339.29004
5.8	341.25552
5.81	341.25552
5.82	341.25552
5.83	343.2324
5.84	343.2324
5.85	343.2324
5.86	345.22076
5.87	345.22076
5.88	345.22076
5.89	345.22076
5.9	345.22076
5.91	345.22076
5.92	345.22076
5.93	345.22076
5.94	345.22076
5.95	345.22076
5.96	345.22076
5.97	347.2206
5.98	347.2206
5.99	347.2206
6.0	347.2206
6.01	347.2206
6.02	347.2206
6.03	347.2206
6.04	347.2206
6.05	347.2206
6.06	347.2206
6.07	347.2206
6.08	347.2206
6.09	347.2206
6.1	347.2206
6.11	347.2206
6.12	349.23206
6.13	349.23206
6.14	349.23206
6.15	349.23206
6.16	349.23206
6.17	349.23206
6.18	349.23206
6.19	349.23206
6.2	349.23206
6.21	349.23206
6.22	349.23206
6.23	349.23206
6.24	349.23206
6.25	349.23206
6.26	349.23206
6.27	349.23206
6.28	347.2206
6.29	347.2206
6.3	347.2206
6.31	347.2206
6.32	347.2206
6.33	347.2206
6.34	349.23206
6.35	349.23206
6.36	349.23206
6.37	347.2206
6.38	347.2206
6.39	347.2206
6.4	347.2206
6.41	347.2206
6.42	347.2206
6.43	345.22076
6.44	347.2206
6.45	347.2206
6.46	347.2206
6.47	347.2206
6.48	349.23206
6.49	349.23206
6.5	351.25513
6.51	353.28995
6.52	357.39502
6.53	359.4654
6.54	378.64694
6.55	380.84048
6.56	437.47116
6.57	437.47116
6.58	434.95148
6.59	440.0054
6.6	437.47116
6.61	434.95148
6.62	434.95148
6.63	434.95148
6.64	434.95148
6.65	434.95148
6.66	432.44635
6.67	429.9556
6.68	427.47925
6.69	425.0171
6.7	422.5692
6.71	417.7155
6.72	415.30966
6.73	412.91766
6.74	410.53937
6.75	410.53937
6.76	408.17487
6.77	405.82394
6.78	403.48654
6.79	403.48654
6.8	401.1626
6.81	398.85208
6.82	398.85208
6.83	396.55484
6.84	396.55484
6.85	394.2708
6.86	394.2708
6.87	392.0
6.88	392.0
6.89	392.0
6.9	389.74222
6.91	389.74222
6.92	389.74222
6.93	389.74222
6.94	389.74222
6.95	389.74222
6.96	389.74222
6.97	389.74222
6.98	389.74222
6.99	389.74222
7.0	389.74222
7.01	389.74222
7.02	389.74222
7.03	387.49747
7.04	389.74222
7.05	389.74222
7.06	389.74222
7.07	389.74222
7.08	389.74222
7.09	389.74222
7.1	389.74222
7.11	389.74222
7.12	389.74222
7.13	389.74222
7.14	389.74222
7.15	389.74222
7.16	389.74222
7.17	389.74222
7.18	389.74222
7.19	389.74222
7.2	389.74222
7.21	389.74222
7.22	389.74222
7.23	389.74222
7.24	389.74222
7.25	389.74222
7.26	389.74222
7.27	389.74222
7.28	389.74222
7.29	389.74222
7.3	389.74222
7.31	389.74222
7.32	389.74222
7.33	389.74222
7.34	389.74222
7.35	389.74222
7.36	389.74222
7.37	389.74222
7.38	440.0054
7.39	440.0054
7.4	440.0054
7.41	440.0054
7.42	440.0054
7.43	440.0054
7.44	440.0054
7.45	440.0054
7.46	437.47116
7.47	437.47116
7.48	437.47116
7.49	437.47116
7.5	434.95148
7.51	434.95148
7.52	434.95148
7.53	432.44635
7.54	432.44635
7.55	432.44635
7.56	432.44635
7.57	432.44635
7.58	429.9556
7.59	432.44635
7.6	432.44635
7.61	432.44635
7.62	429.9556
7.63	429.9556
7.64	429.9556
7.65	429.9556
7.66	429.9556
7.67	429.9556
7.68	429.9556
7.69	432.44635
7.7	432.44635
7.71	432.44635
7.72	432.44635
7.73	432.44635
7.74	432.44635
7.75	434.95148
7.76	434.95148
7.77	434.95148
7.78	434.95148
7.79	434.95148
7.8	434.95148
7.81	434.95148
7.82	434.95148
7.83	434.95148
7.84	434.95148
7.85	434.95148
7.86	434.95148
7.87	437.47116
7.88	437.47116
7.89	437.47116
7.9	437.47116
7.91	437.47116
7.92	437.47116
7.93	437.47116
7.94	437.47116
7.95	437.47116
7.96	437.47116
7.97	437.47116
7.98	437.47116
7.99	437.47116
8.0	437.47116
8.01	437.47116
8.02	437.47116
8.03	437.47116
8.04	437.47116
8.05	437.47116
8.06	437.47116
8.07	437.47116
8.08	437.47116
8.09	437.47116
8.1	437.47116
8.11	437.47116
8.12	437.47116
8.13	437.47116
8.14	437.47116
8.15	437.47116
8.16	437.47116
8.17	437.47116
8.18	440.0054
8.19	440.0054
8.2	440.0054
8.21	440.0054
8.22	440.0054
8.23	440.0054
8.24	440.0054
8.25	440.0054
8.26	437.47116
8.27	437.47116
8.28	437.47116
8.29	437.47116
8.3	437.47116
8.31	437.47116
8.32	437.47116
8.33	437.47116
8.34	437.47116
8.35	437.47116
8.36	437.47116
8.37	440.0054
8.38	440.0054
8.39	437.47116
8.4	437.47116
8.41	437.47116
8.42	437.47116
8.43	437.47116
8.44	437.47116
8.45	440.0054
8.46	440.0054
8.47	440.0054
8.48	440.0054
8.49	440.0054
8.5	440.0054
8.51	440.0054
8.52	442.55435
8.53	442.55435
8.54	442.55435
8.55	442.55435
8.56	442.55435
8.57	440.0054
8.58	440.0054
8.59	440.0054
8.6	440.0054
8.61	440.0054
8.62	440.0054
8.63	440.0054
8.64	440.0054
8.65	440.0054
8.66	440.0054
8.67	442.55435
8.68	442.55435
8.69	440.0054
8.7	440.0054
8.71	440.0054
8.72	440.0054
8.73	440.0054
8.74	440.0054
8.75	440.0054
8.76	440.0054
8.77	440.0054
8.78	440.0054
8.79	440.0054
8.8	440.0054
8.81	440.0054
8.82	440.0054
8.83	440.0054
8.84	440.0054
8.85	440.0054
8.86	437.47116
8.87	437.47116
8.88	437.47116
8.89	437.47116
8.9	437.47116
8.91	437.47116
8.92	437.47116
8.93	437.47116
8.94	437.47116
8.95	437.47116
8.96	437.47116
8.97	437.47116
8.98	437.47116
8.99	440.0054
9.0	440.0054
9.01	0.0
9.02	0.0
9.03	0.0
9.04	0.0
9.05	0.0
9.06	0.0
9.07	0.0
9.08	0.0
9.09	0.0
9.1	0.0
9.11	0.0
9.12	0.0
9.13	0.0
9.14	0.0
9.15	0.0
9.16	0.0
9.17	0.0
9.18	0.0
9.19	0.0
9.2	0.0
9.21	0.0
9.22	0.0
9.23	0.0
9.24	0.0
9.25	0.0
9.26	0.0
9.27	0.0
9.28	0.0
9.29	0.0
9.3	0.0
9.31	0.0
9.32	0.0
9.33	0.0
9.34	0.0
9.35	0.0
9.36	0.0
9.37	0.0
9.38	0.0
9.39	0.0
9.4	0.0
9.41	0.0
9.42	0.0
9.43	0.0
9.44	0.0
9.45	0.0
9.46	0.0
9.47	347.2206
9.48	347.2206
9.49	347.2206
9.5	347.2206
9.51	347.2206
9.52	345.22076
9.53	345.22076
9.54	345.22076
9.55	345.22076
9.56	345.22076
9.57	345.22076
9.58	345.22076
9.59	345.22076
9.6	347.2206
9.61	349.23206
9.62	353.28995
9.63	353.28995
9.64	353.28995
9.65	359.4654
9.66	363.64218
9.67	367.86755
9.68	372.14197
9.69	376.4661
9.7	383.04663
9.71	385.2656
9.72	389.74222
9.73	398.85208
9.74	403.48654
9.75	405.82394
9.76	408.17487
9.77	410.53937
9.78	412.91766
9.79	415.30966
9.8	420.13535
9.81	420.13535
9.82	422.5692
9.83	422.5692
9.84	425.0171
9.85	425.0171
9.86	427.47925
9.87	427.47925
9.88	432.44635
9.89	432.44635
9.9	434.95148
9.91	437.47116
9.92	437.47116
9.93	440.0054
9.94	437.47116
9.95	437.47116
9.96	437.47116
9.97	440.0054
9.98	440.0054
9.99	437.47116
10.0	437.47116
10.01	437.47116
10.02	434.95148
10.03	434.95148
10.04	434.95148
10.05	434.95148
10.06	437.47116
10.07	437.47116
10.08	437.47116
10.09	437.47116
10.1	437.47116
10.11	437.47116
10.12	440.0054
10.13	440.0054
10.14	440.0054
10.15	437.47116
10.16	437.47116
10.17	437.47116
10.18	437.47116
10.19	437.47116
10.2	437.47116
10.21	437.47116
10.22	437.47116
10.23	437.47116
10.24	437.47116
10.25	437.47116
10.26	437.47116
10.27	437.47116
10.28	437.47116
10.29	440.0054
10.3	440.0054
10.31	440.0054
10.32	437.47116
10.33	437.47116
10.34	437.47116
10.35	437.47116
10.36	437.47116
10.37	437.47116
10.38	437.47116
10.39	437.47116
10.4	437.47116
10.41	437.47116
10.42	437.47116
10.43	437.47116
10.44	437.47116
10.45	434.95148
10.46	437.47116
10.47	434.95148
10.48	434.95148
10.49	432.44635
10.5	432.44635
10.51	429.9556
10.52	429.9556
10.53	429.9556
10.54	427.47925
10.55	425.0171
10.56	422.5692
10.57	420.13535
10.58	417.7155
10.59	415.30966
10.6	415.30966
10.61	412.91766
10.62	410.53937
10.63	408.17487
10.64	408.17487
10.65	408.17487
10.66	405.82394
10.67	403.48654
10.68	401.1626
10.69	398.85208
10.7	398.85208
10.71	396.55484
10.72	394.2708
10.73	394.2708
10.74	392.0
10.75	392.0
10.76	392.0
10.77	392.0
10.78	389.74222
10.79	389.74222
10.8	389.74222
10.81	389.74222
10.82	389.74222
10.83	389.74222
10.84	389.74222
10.85	389.74222
10.86	392.0
10.87	392.0
10.88	392.0
10.89	392.0
10.9	392.0
10.91	389.74222
10.92	389.74222
10.93	387.49747
10.94	387.49747
10.95	387.49747
10.96	385.2656
10.97	385.2656
10.98	385.2656
10.99	387.49747
11.0	387.49747
11.01	387.49747
11.02	389.74222
11.03	392.0
11.04	392.0
11.05	394.2708
11.06	394.2708
11.07	392.0
11.08	394.2708
11.09	396.55484
11.1	398.85208
11.11	398.85208
11.12	398.85208
11.13	396.55484
11.14	396.55484
11.15	396.55484
11.16	394.2708
11.17	394.2708
11.18	394.2708
11.19	392.0
11.2	392.0
11.21	392.0
11.22	392.0
11.23	389.74222
11.24	389.74222
11.25	389.74222
11.26	387.49747
11.27	387.49747
11.28	385.2656
11.29	385.2656
11.3	383.04663
11.31	383.04663
11.32	380.84048
11.33	378.64694
11.34	378.64694
11.35	376.4661
11.36	378.64694
11.37	374.2978
11.38	374.2978
11.39	372.14197
11.4	372.14197
11.41	369.9986
11.42	367.86755
11.43	367.86755
11.44	365.74875
11.45	363.64218
11.46	361.54776
11.47	361.54776
11.48	359.4654
11.49	359.4654
11.5	357.39502
11.51	357.39502
11.52	355.33655
11.53	355.33655
11.54	353.28995
11.55	353.28995
11.56	353.28995
11.57	353.28995
11.58	353.28995
11.59	351.25513
11.6	351.25513
11.61	351.25513
11.62	351.25513
11.63	351.25513
11.64	349.23206
11.65	349.23206
11.66	349.23206
11.67	349.23206
11.68	349.23206
11.69	347.2206
11.7	349.23206
11.71	347.2206
11.72	347.2206
11.73	347.2206
11.74	347.2206
11.75	349.23206
11.76	349.23206
11.77	347.2206
11.78	347.2206
11.79	347.2206
11.8	347.2206
11.81	347.2206
11.82	345.22076
11.83	347.2206
11.84	347.2206
11.85	347.2206
11.86	347.2206
11.87	349.23206
11.88	351.25513
11.89	351.25513
11.9	357.39502
11.91	359.4654
11.92	361.54776
11.93	365.74875
11.94	365.74875
11.95	369.9986
11.96	369.9986
11.97	369.9986
11.98	372.14197
11.99	372.14197
12.0	359.4654
12.01	351.25513
12.02	345.22076
12.03	322.1022
12.04	320.24704
12.05	316.56866
12.06	316.56866
12.07	316.56866
12.08	318.40253
12.09	318.40253
12.1	318.40253
12.11	318.40253
12.12	320.24704
12.13	322.1022
12.14	323.96814
12.15	323.96814
12.16	325.8449
12.17	325.8449
12.18	325.8449
12.19	325.8449
12.2	327.73248
12.21	327.73248
12.22	327.73248
12.23	327.73248
12.24	327.73248
12.25	327.73248
12.26	327.73248
12.27	327.73248
12.28	327.73248
12.29	327.73248
12.3	327.73248
12.31	327.73248
12.32	329.63104
12.33	329.63104
12.34	329.63104
12.35	329.63104
12.36	329.63104
12.37	329.63104
12.38	329.63104
12.39	329.63104
12.4	329.63104
12.41	329.63104
12.42	329.63104
12.43	329.63104
12.44	329.63104
12.45	329.63104
12.46	329.63104
12.47	329.63104
12.48	329.63104
12.49	329.63104
12.5	329.63104
12.51	329.63104
12.52	329.63104
12.53	329.63104
12.54	329.63104
12.55	329.63104
12.56	329.63104
12.57	329.63104
12.58	329.63104
12.59	331.5406
12.6	331.5406
12.61	331.5406
12.62	331.5406
12.63	331.5406
12.64	331.5406
12.65	331.5406
12.66	329.63104
12.67	329.63104
12.68	329.63104
12.69	329.63104
12.7	327.73248
12.71	327.73248
12.72	0.0
12.73	0.0
12.74	0.0
12.75	0.0
12.76	0.0
12.77	0.0
12.78	0.0
12.79	0.0
12.8	0.0
12.81	0.0
12.82	0.0
12.83	0.0
12.84	0.0
12.85	0.0
12.86	0.0
12.87	0.0
12.88	0.0
12.89	0.0
12.9	0.0
12.91	0.0
12.92	0.0
12.93	0.0
12.94	0.0
12.95	0.0
12.96	0.0
12.97	0.0
12.98	0.0
12.99	0.0
13.0	0.0
13.01	0.0
13.02	0.0
13.03	189.32271
13.04	190.41945
13.05	190.41945
13.06	191.52254
13.07	193.74794
13.08	195.99919
13.09	198.2766
13.1	200.58047
13.11	204.0866
13.12	207.65399
13.13	212.50769
13.14	213.73874
13.15	216.22229
13.16	217.47487
13.17	220.00182
13.18	221.27626
13.19	223.84738
13.2	227.76021
13.21	231.7414
13.22	235.79219
13.23	239.9138
13.24	245.52153
13.25	249.81322
13.26	252.71591
13.27	257.13336
13.28	260.1211
13.29	264.66797
13.3	266.2012
13.31	269.2943
13.32	270.8543
13.33	274.00153
13.34	275.5888
13.35	277.18527
13.36	278.79102
13.37	280.40604
13.38	282.03043
13.39	283.6642
13.4	283.6642
13.41	285.3075
13.42	285.3075
13.43	285.3075
13.44	286.96027
13.45	286.96027
13.46	286.96027
13.47	288.62262
13.48	290.29462
13.49	290.29462
13.5	290.29462
13.51	291.9763
13.52	291.9763
13.53	291.9763
13.54	290.29462
13.55	290.29462
13.56	290.29462
13.57	290.29462
13.58	291.9763
13.59	291.9763
13.6	291.9763
13.61	293.66766
13.62	293.66766
13.63	291.9763
13.64	293.66766
13.65	293.66766
13.66	293.66766
13.67	293.66766
13.68	293.66766
13.69	293.66766
13.7	293.66766
13.71	293.66766
13.72	293.66766
13.73	293.66766
13.74	293.66766
13.75	293.66766
13.76	293.66766
13.77	291.9763
13.78	291.9763
13.79	291.9763
13.8	291.9763
13.81	291.9763
13.82	290.29462
13.83	290.29462
13.84	290.29462
13.85	290.29462
13.86	290.29462
13.87	290.29462
13.88	291.9763
13.89	291.9763
13.9	291.9763
13.91	291.9763
13.92	291.9763
13.93	291.9763
13.94	291.9763
13.95	295.36887
13.96	298.80093
13.97	298.80093
13.98	298.80093
13.99	297.07996
14.0	297.07996
14.01	295.36887
14.02	293.66766
14.03	293.66766
14.04	293.66766
14.05	291.9763
14.06	291.9763
14.07	291.9763
14.08	291.9763
14.09	291.9763
14.1	291.9763
14.11	291.9763
14.12	290.29462
14.13	290.29462
14.14	290.29462
14.15	288.62262
14.16	288.62262
14.17	288.62262
14.18	286.96027
14.19	286.96027
14.2	285.3075
14.21	283.6642
14.22	283.6642
14.23	282.03043
14.24	280.40604
14.25	278.79102
14.26	278.79102
14.27	277.18527
14.28	277.18527
14.29	277.18527
14.3	275.5888
14.31	274.00153
14.32	274.00153
14.33	272.42337
14.34	272.42337
14.35	270.8543
14.36	270.8543
14.37	269.2943
14.38	267.7433
14.39	269.2943
14.4	266.2012
14.41	266.2012
14.42	264.66797
14.43	264.66797
14.44	264.66797
14.45	263.1436
14.46	263.1436
14.47	263.1436
14.48	261.62796
14.49	261.62796
14.5	261.62796
14.51	261.62796
14.52	263.1436
14.53	263.1436
14.54	264.66797
14.55	264.66797
14.56	264.66797
14.57	264.66797
14.58	263.1436
14.59	263.1436
14.6	261.62796
14.61	261.62796
14.62	260.1211
14.63	258.62292
14.64	258.62292
14.65	258.62292
14.66	258.62292
14.67	260.1211
14.68	260.1211
14.69	261.62796
14.7	261.62796
14.71	263.1436
14.72	263.1436
14.73	263.1436
14.74	263.1436
14.75	261.62796
14.76	261.62796
14.77	260.1211
14.78	260.1211
14.79	258.62292
14.8	258.62292
14.81	258.62292
14.82	258.62292
14.83	260.1211
14.84	260.1211
14.85	260.1211
14.86	258.62292
14.87	258.62292
14.88	258.62292
14.89	257.13336
14.9	258.62292
14.91	260.1211
14.92	260.1211
14.93	260.1211
14.94	261.62796
14.95	260.1211
14.96	260.1211
14.97	261.62796
14.98	260.1211
14.99	260.1211
15.0	260.1211
15.01	260.1211
15.02	260.1211
15.03	260.1211
15.04	258.62292
15.05	258.62292
15.06	258.62292
15.07	258.62292
15.08	257.13336
15.09	257.13336
15.1	255.65236
15.11	254.1799
15.12	254.1799
15.13	252.71591
15.14	251.26038
15.15	251.26038
15.16	249.81322
15.17	249.81322
15.18	248.37437
15.19	246.94385
15.2	246.94385
15.21	245.52153
15.22	245.52153
15.23	244.10742
15.24	244.10742
15.25	242.70148
15.26	242.70148
15.27	241.30359
15.28	241.30359
15.29	239.9138
15.3	239.9138
15.31	239.9138
15.32	239.9138
15.33	238.53198
15.34	238.53198
15.35	238.53198
15.36	238.53198
15.37	237.15813
15.38	237.15813
15.39	235.79219
15.4	235.79219
15.41	234.43413
15.42	234.43413
15.43	233.08386
15.44	233.08386
15.45	233.08386
15.46	231.7414
15.47	231.7414
15.48	231.7414
15.49	231.7414
15.5	231.7414
15.51	231.7414
15.52	231.7414
15.53	233.08386
15.54	234.43413
15.55	234.43413
15.56	234.43413
15.57	234.43413
15.58	234.43413
15.59	234.43413
15.6	233.08386
15.61	233.08386
15.62	231.7414
15.63	231.7414
15.64	230.40663
15.65	230.40663
15.66	229.07962
15.67	230.40663
15.68	229.07962
15.69	229.07962
15.7	229.07962
15.71	230.40663
15.72	231.7414
15.73	231.7414
15.74	230.40663
15.75	230.40663
15.76	230.40663
15.77	231.7414
15.78	231.7414
15.79	231.7414
15.8	231.7414
15.81	231.7414
15.82	230.40663
15.83	230.40663
15.84	230.40663
15.85	0.0
15.86	0.0
15.87	0.0
15.88	0.0
15.89	0.0
15.9	0.0
15.91	0.0
15.92	0.0
15.93	0.0
15.94	0.0
15.95	0.0
15.96	0.0
15.97	0.0
15.98	0.0
15.99	0.0
16.0	0.0
16.01	0.0
16.02	0.0
16.03	0.0
16.04	0.0
16.05	0.0
16.06	0.0
16.07	0.0
16.08	0.0
16.09	0.0
16.1	0.0
16.11	0.0
16.12	0.0
16.13	0.0
16.14	0.0
16.15	0.0
16.16	0.0
16.17	0.0
16.18	0.0
16.19	0.0
16.2	0.0
16.21	0.0
16.22	0.0
16.23	0.0
16.24	0.0
16.25	0.0
16.26	0.0
16.27	0.0
16.28	0.0
16.29	0.0
16.3	0.0
16.31	0.0
16.32	0.0
16.33	0.0
16.34	0.0
16.35	0.0
16.36	0.0
16.37	0.0
16.38	0.0
16.39	0.0
16.4	0.0
16.41	0.0
16.42	0.0
16.43	0.0
16.44	0.0
16.45	0.0
16.46	0.0
16.47	0.0
16.48	0.0
16.49	0.0
16.5	0.0
16.51	0.0
16.52	0.0
16.53	0.0
16.54	0.0
16.55	0.0
16.56	0.0
16.57	0.0
16.58	0.0
16.59	0.0
16.6	0.0
16.61	0.0
16.62	0.0
16.63	0.0
16.64	0.0
16.65	0.0
16.66	0.0
16.67	0.0
16.68	0.0
16.69	0.0
16.7	0.0
16.71	0.0
16.72	0.0
16.73	0.0
16.74	0.0
16.75	0.0
16.76	0.0
16.77	0.0
16.78	0.0
16.79	0.0
16.8	0.0
16.81	0.0
16.82	0.0
16.83	0.0
16.84	0.0
16.85	0.0
16.86	0.0
16.87	0.0
16.88	0.0
16.89	0.0
16.9	0.0
16.91	0.0
16.92	0.0
16.93	0.0
16.94	0.0
16.95	0.0
16.96	0.0
16.97	0.0
16.98	0.0
16.99	0.0
17.0	0.0
17.01	0.0
17.02	0.0
17.03	0.0
17.04	0.0
17.05	0.0
17.06	0.0
17.07	0.0
17.08	0.0
17.09	0.0
17.1	0.0
17.11	0.0
17.12	0.0
17.13	0.0
17.14	0.0
17.15	0.0
17.16	0.0
17.17	0.0
17.18	0.0
17.19	0.0
17.2	0.0
17.21	0.0
17.22	0.0
17.23	0.0
17.24	0.0
17.25	0.0
17.26	0.0
17.27	0.0
17.28	0.0
17.29	0.0
17.3	0.0
17.31	0.0
17.32	0.0
17.33	0.0
17.34	0.0
17.35	0.0
17.36	0.0
17.37	0.0
17.38	0.0
17.39	0.0
17.4	0.0
17.41	0.0
17.42	0.0
17.43	0.0
17.44	0.0
17.45	0.0
17.46	0.0
17.47	0.0
17.48	0.0
17.49	0.0
17.5	0.0
17.51	0.0
17.52	0.0
17.53	0.0
17.54	0.0
17.55	0.0
17.56	0.0
17.57	0.0
17.58	0.0
17.59	0.0
17.6	0.0
17.61	0.0
17.62	0.0
17.63	0.0
17.64	0.0
17.65	0.0
17.66	0.0
17.67	0.0
17.68	0.0
17.69	0.0
17.7	0.0
17.71	0.0
17.72	0.0
17.73	0.0
17.74	0.0
17.75	0.0
17.76	0.0
17.77	0.0
17.78	0.0
17.79	0.0
17.8	0.0
17.81	0.0
17.82	0.0
17.83	0.0
17.84	0.0
17.85	0.0
17.86	0.0
17.87	0.0
17.88	0.0
17.89	0.0
17.9	0.0
17.91	0.0
17.92	0.0
17.93	0.0
17.94	0.0
17.95	0.0
17.96	0.0
17.97	0.0
17.98	0.0
17.99	0.0
18.0	0.0
18.01	0.0
18.02	0.0
18.03	0.0
18.04	0.0
18.05	0.0
18.06	0.0
18.07	0.0
18.08	0.0
18.09	0.0
18.1	0.0
18.11	0.0
18.12	0.0
18.13	0.0
18.14	0.0
18.15	0.0
18.16	0.0
18.17	0.0
18.18	0.0
18.19	0.0
18.2	0.0
18.21	0.0
18.22	0.0
18.23	0.0
18.24	0.0
18.25	0.0
18.26	0.0
18.27	0.0
18.28	0.0
18.29	0.0
18.3	0.0
18.31	0.0
18.32	0.0
18.33	0.0
18.34	0.0
18.35	0.0
18.36	0.0
18.37	0.0
18.38	0.0
18.39	0.0
18.4	0.0
18.41	0.0
18.42	0.0
18.43	0.0
18.44	0.0
18.45	0.0
18.46	0.0
18.47	0.0
18.48	0.0
18.49	0.0
18.5	0.0
18.51	0.0
18.52	0.0
18.53	0.0
18.54	0.0
18.55	0.0
18.56	0.0
18.57	0.0
18.58	0.0
18.59	0.0
18.6	0.0
18.61	0.0
18.62	0.0
18.63	0.0
18.64	0.0
18.65	0.0
18.66	0.0
18.67	0.0
18.68	0.0
18.69	0.0
18.7	0.0
18.71	0.0
18.72	0.0
18.73	0.0
18.74	0.0
18.75	0.0
18.76	0.0
18.77	0.0
18.78	0.0
18.79	0.0
18.8	0.0
18.81	0.0
18.82	0.0
18.83	0.0
18.84	0.0
18.85	0.0
18.86	0.0
18.87	0.0
18.88	0.0
18.89	0.0
18.9	0.0
18.91	0.0
18.92	0.0
18.93	0.0
18.94	0.0
18.95	0.0
18.96	0.0
18.97	0.0
18.98	0.0
18.99	0.0
19.0	0.0
19.01	0.0
